amfi_code,return_rank,sharpe_rank,alpha_rank,expense_rank,drawdown_rank,weighted_score,fund_score
120505,,,,,,,
119598,,,,,,,
149324,,,,,,,
148569,,,,,,,
148567,,,,,,,
120843,,,,,,,
100033,,,,,,,
149323,,,,,,,
119094,,,,,,,
119551,,,,,,,
118632,,,,,,,
101206,,,,,,,
120504,,,,,,,
148568,,,,,,,
119552,,,,,,,
125497,,,,,,,
120503,,,,,,,
102885,,,,,,,
120506,,,,,,,
102887,,,,,,,
118634,,,,,,,
118633,,,,,,,
118635,,,,,,,
120841,,,,,,,
149322,,,,,,,
125498,,,,,,,
101207,,,,,,,
119093,,,,,,,
120507,,,,,,,
120844,,,,,,,
120842,,,,,,,
101208,,,,,,,
119092,,,,,,,
119120,,,,,,,
118636,,,,,,,
100025,,,,,,,
100016,,,,,,,
119599,,,,,,,
119095,,,,,,,
102886,,,,,,,
